Qty,Value,Device,Package,Parts,Description,CASE,CATEGORY,DESCRIPTION,MANUFACTURER,MONTHLY_USAGE,MPN,OPERATING_TEMP,PARTNO,PART_NUMBER,PART_STATUS,PRICE,PROD_ID,RATING,ROHS_COMPLIANT,SERIES,SUB-CATEGORY,SUPPLIER,THERMALLOSS,TOLERANCE,TYPE,VALUE,VOLTAGE_RATING
6,100n,C_CHIP-1206(3216-METRIC),CAPC3216X135,"C7, C8, C9, C10, C11, C12","Capacitor - Generic",,Capacitor,,,,,,,,,,,,,,,,,,,,
1,18x2F-H8.5,1756_12TW323,2X18,XIO,"Female Gray Connector strip for Arduino 3V3 bases 18x2 F V h 8,5 p2,54",,,,,_____,,,,12TW323,,_____,,,,,,_____,,,Connettori,18x2F-H8.5,
1,2K4,R_CHIP-1206(3216-METRIC),RESC3216X70,R1,"Resistor Fixed - Generic",,Resistor,,,,,,,,,,,,,,Fixed,,,,,,
6,470n,C_CHIP-1206(3216-METRIC),CAPC3216X135,"C1, C2, C3, C4, C5, C6","Capacitor - Generic",,Capacitor,,,,,,,,,,,,,,,,,,,,
1,4K7,R_CHIP-1206(3216-METRIC),RESC3216X70,R2,"Resistor Fixed - Generic",,Resistor,,,,,,,,,,,,,,Fixed,,,,,,
1,"74HC4051D,653","74HC4051D,653",SO16,IC7,"1 Circuit IC Switch 8:1 120Ohm 16-SO +/- 4V",,,,,,,,1727-2807-1-ND,,,,,,,,,,,,,,
6,ACS712,ACS712,SO08,"IC1, IC2, IC3, IC4, IC5, IC6","Hall-effect-based isolated linear current sensor",,,,,,,,,,,,IC-08964,,,,,,,,,,
5,FH254-108DF08500V,1683_20TW-536,1X08,"ADCH, ADCL, COMMUNICATION, POWER, PWML","Female Gray Connector strip for Arduino 3V3 bases - 8x1 F V h 8,5 p2,54mm",,,,,_____,,,,20TW-536,,_____,,,,,,_____,,,Connettori,FH254-108DF08500V,
1,FH254-110DF08500V,1684_20TW-537,1X10,PWMH,"Female Gray Connector strip for Arduino 3V3 bases - 10x1 F V h 8,5 p2,54mm",,,,,_____,,,,20TW-537,,_____,,,,,,_____,,,Connettori,FH254-110DF08500V,
12,PINHD-1X3,PINHD-1X3,1X03,"JP1+, JP1-, JP2+, JP2-, JP3+, JP3-, JP4+, JP4-, JP5+, JP5-, JP6+, JP6-","PIN HEADER",,CONNECTOR,,,,,,,,,,,,,,PIN-HEADER,,,,,,
